<?xml version="1.0" encoding="UTF-8"?>
<list version="1.0">
	<fvm_meta theme_code="" is_biz="0" />
	<!--theme id="business" name="Business Friendly" thumb="" cc_theme_id="business" /-->
	<!--theme id="whiteboard" name="Whiteboard Animation" thumb="" cc_theme_id="whiteboard" /-->
	<!--theme id="infographics" name="Video Infographics" thumb="" cc_theme_id="infographics" /-->
	<theme id="custom" name="Comedy World" thumb="" cc_theme_id="custom" />
	<theme id="action" name="Lil' Peepz" thumb="" cc_theme_id="action" />
	<theme id="common" name="Common" thumb="matchboy-stand.swf" cc_theme_id="common" />
	<theme id="retro" name="Cartoon Classics" thumb="ann-stand.swf" cc_theme_id="retro" />
	<theme id="sticklybiz" name="Stickly Business" thumb="" cc_theme_id="infographics" />
	<theme id="vietnam" name="Jungle Warfare" thumb="" cc_theme_id="vietnam" />
	<theme id="monstermsh" name="Monsters Mayhem" thumb="" cc_theme_id="monstermsh" />
	<theme id="stick" name="Stick Figure" thumb="" cc_theme_id="stick" />
	<theme id="animal" name="Lil' Petz" thumb="" cc_theme_id="animal" />
	<theme id="politics2" name="White Houserz" thumb="" cc_theme_id="politics2" />
	<theme id="chibi" name="Chibi Peepz" thumb="" cc_theme_id="chibi" />
	<theme id="space" name="Space Peepz" thumb="" cc_theme_id="space" />
	<theme id="ninja" name="Chibi Ninjas" thumb="" cc_theme_id="ninja" />
	<theme id="anime" name="Anime" thumb="" cc_theme_id="anime" />
	<theme id="ninjaanime" name="Ninja Anime" thumb="" cc_theme_id="ninjaanime" />
	<theme id="christmas" name="Holiday &amp; Seasonal" thumb="santa-stand.swf" cc_theme_id="christmas" />
	<theme id="spacecitizen" name="Space Citizens" thumb="" cc_theme_id="spacecitizen" />
	<theme id="commoncraft" name="Common Craft" thumb="" cc_theme_id="commoncraft" />
	<theme id="politic" name="Politics &amp; Celebrity" thumb="hilary-stand.swf" cc_theme_id="politic" />
	<theme id="fullenergy" name="Full Energy" thumb="" cc_theme_id="fullenergy"/>
	<theme id="akon" name="AKON" cc_theme_id="akon" />
	<theme id="ben10" name="Ben 10" cc_theme_id="ben10" />
	<theme id="bizmodels" name="Business Models" cc_theme_id="bizmodels" />
	<theme id="botdf" name="Blood on the Dance Floor (Unused)" cc_theme_id="botdf" />
	<!-- I planned to disable botdf, but i'm gonna ask you guys first -->
	<!-- What's botdf? ~CLarramore -->
	<!--BOTDF is a cancelled cc2 theme. It dosen't really have much in it, so I was suggesting we remove it-->
	<theme id="bunny" name="It's Happy Bunny" cc_theme_id="bunny" enable="N" />
	<theme id="chowder" name="Chowder" cc_theme_id="chowder" enable="N" />
	<theme id="domo" name="Domo" cc_theme_id="domo" enable="N" />
	<theme id="monkeytalk" name="SuperRica &amp; Rashy" cc_theme_id="monkeytalk" enable="N" />
	<theme id="sf" name="Street Fighter" cc_theme_id="sf" enable="N" />
	<theme id="startrek" name="Star Trek Quogs" cc_theme_id="startrek" enable="N" />
	<theme id="street" name="Street (Unused)" cc_theme_id="street" enable="N" />
	<theme id="underdog" name="Saturday Morning TV" cc_theme_id="underdog" enable="N" />
	<theme id="willie" name="Willie Nelson" cc_theme_id="willie" enable="N" />
	<theme id="toonadv" name="Toon Adventure" cc_theme_id="willie" enable="N" />
	<theme id="commondupe" name="Common" thumb="matchboy-stand.swf" cc_theme_id="commondupe" />
	<word></word>
	<whiteword />
	<excludeAssetIDs />
	<points money="0" sharing="0" />
</list>